date,day_of_week,day_type,forecasted_sales,previous_day_sales,change_from_previous_day,change_percentage,7_day_moving_average,forecast_rank
2017-08-16,Wednesday,Weekday,738228.6158282039,762661.935939,-24433.320110796136,-3.20368946703935,738228.6158282039,15
2017-08-17,Thursday,Weekday,673944.5091641169,738228.6158282039,-64284.106664086925,-8.707886051256342,706086.5624961604,28
2017-08-18,Friday,Weekday,758255.4203367439,673944.5091641169,84310.911172627,12.510067227522418,723476.1817763549,11
2017-08-19,Saturday,Weekend,931113.7794768544,758255.4203367439,172858.35914011043,22.796851101089842,775385.5812014798,6
2017-08-20,Sunday,Weekend,1016879.6507412434,931113.7794768544,85765.87126438902,9.211105361642968,823684.3951094325,4
2017-08-21,Monday,Weekday,715085.6780664772,1016879.6507412434,-301793.9726747662,-29.678435639338126,805584.6089356067,18
2017-08-22,Tuesday,Weekday,704960.377049609,715085.6780664772,-10125.301016868209,-1.4159563430561284,791209.7186661783,23
2017-08-23,Wednesday,Weekday,693668.2540415698,704960.377049609,-11292.123008039198,-1.60180960173944,784843.9526966593,25
2017-08-24,Thursday,Weekday,642288.3402992629,693668.2540415698,-51379.913742306875,-7.406986472704833,780321.6428588228,30
2017-08-25,Friday,Weekday,717042.25128358,642288.3402992629,74753.91098431707,11.638684107123416,774434.0472797995,17
2017-08-26,Saturday,Weekend,864232.674857072,717042.25128358,147190.42357349198,20.52744079027503,764879.6037626878,8
2017-08-27,Sunday,Weekend,974948.2878851247,864232.674857072,110715.61302805273,12.810857104698458,758889.4090689564,5
2017-08-28,Monday,Weekday,706596.0409722422,974948.2878851247,-268352.24691288243,-27.524767236116382,757676.60376978,22
2017-08-29,Tuesday,Weekday,709585.1319186199,706596.0409722422,2989.0909463776043,0.42302684604130514,758337.2830367817,20
2017-08-30,Wednesday,Weekday,693499.741377109,709585.1319186199,-16085.39054151089,-2.2668725453728467,758313.2097990016,26
2017-08-31,Thursday,Weekday,656040.1689304269,693499.741377109,-37459.572446682025,-5.4015265200095275,760277.7567463107,29
2017-09-01,Friday,Weekday,820059.3321464164,656040.1689304269,164019.16321598948,25.001390308675397,774994.4825838588,10
2017-09-02,Saturday,Weekend,1068665.6609077558,820059.3321464164,248606.32876133942,30.315651443248537,804199.1948768136,2
2017-09-03,Sunday,Weekend,1186865.7008551678,1068665.6609077558,118200.03994741198,11.06052568836257,834473.1110153912,1
2017-09-04,Monday,Weekday,829451.3075497079,1186865.7008551678,-357414.3933054599,-30.11413953979237,852023.8633836006,9
2017-09-05,Tuesday,Weekday,755364.3907088088,829451.3075497079,-74086.91684089915,-8.932039309186237,858563.7574964847,12
2017-09-06,Wednesday,Weekday,754614.8178405808,755364.3907088088,-749.5728682279587,-0.09923328097642842,867294.4827055521,13
2017-09-07,Thursday,Weekday,710046.231381306,754614.8178405808,-44568.58645927487,-5.906137198155362,875009.634484249,19
2017-09-08,Friday,Weekday,754356.7168661107,710046.231381306,44310.485484804725,6.240507100305882,865623.5465870624,14
2017-09-09,Saturday,Weekend,928535.2726145199,754356.7168661107,174178.55574840924,23.08968049916945,845604.9196880289,7
2017-09-10,Sunday,Weekend,1025804.2721191741,928535.2726145199,97268.9995046542,10.475530911256538,822596.1441543156,3
2017-09-11,Monday,Weekday,732933.7876281069,1025804.2721191741,-292870.48449106724,-28.55032801589294,808807.9270226582,16
2017-09-12,Tuesday,Weekday,700566.950475042,732933.7876281069,-32366.837153064902,-4.41606563913628,800979.7212749772,24
2017-09-13,Wednesday,Weekday,709484.8459226977,700566.950475042,8917.895447655697,1.272954061222647,794532.5824295653,21
2017-09-14,Thursday,Weekday,690241.1515066278,709484.8459226977,-19243.69441606989,-2.712347490811185,791703.2853046113,27
