date,predicted_sales
2017-08-16,726139.56
2017-08-17,612666.3
2017-08-18,722745.9
2017-08-19,931297.2
2017-08-20,1.0109354e+06
2017-08-21,726878.6
2017-08-22,694164.8
2017-08-23,672433.94
2017-08-24,589224.6
2017-08-25,677560.94
2017-08-26,853127.44
2017-08-27,966590.1
2017-08-28,699630.7
2017-08-29,657154.25
2017-08-30,701387.56
2017-08-31,664644.3
2017-09-01,793629.06
2017-09-02,1.04476094e+06
2017-09-03,1.1200338e+06
2017-09-04,813990.25
2017-09-05,732642.06
2017-09-06,718141.56
2017-09-07,610863.4
2017-09-08,724922.56
2017-09-09,914301.6
2017-09-10,956852.6
2017-09-11,705098.5
2017-09-12,657008.6
2017-09-13,694945.25
2017-09-14,582604.7
