Feature,Importance,Importance_Percentage
lag_7,0.23958941,23.95894
is_weekend,0.22245325,22.245325
lag_14,0.12100663,12.100663
day_of_week_num,0.08349341,8.349341
rolling_mean_7,0.080680884,8.068089
lag_1,0.051544197,5.15442
ewm_7,0.05014149,5.014149
rolling_mean_3,0.0254465,2.54465
day,0.01913317,1.913317
ewm_14,0.018941488,1.8941488
month,0.014424093,1.4424093
rolling_std_7,0.011177667,1.1177667
rolling_std_14,0.00947577,0.94757706
lag_28,0.008488694,0.84886944
lag_21,0.0071435813,0.71435815
rolling_mean_14,0.0065885903,0.658859
rolling_mean_30,0.0063323984,0.63323987
lag_30,0.0061915996,0.61915994
year,0.006159423,0.6159423
lag_3,0.005397523,0.5397523
lag_5,0.0039263363,0.39263362
quarter,0.0022639122,0.22639123
